1_star_count,2_star_count,3_star_count,4_star_count,5_star_count,Fri,Mon,Sat,Sun,Thu,Tue,Wed,category,city,claimed_status,health_rating,moreInfoVal,moreInfoVar,name,price_range,rating,ratings,reviews,street
2,8,13,79,118,12:00 pm - 12:30 am,"12:00 pm - 10:00 pm
        
                Open now",12:00 pm - 12:30 am,12:00 pm - 10:00 pm,12:00 pm - 11:00 pm,12:00 pm - 10:00 pm,12:00 pm - 10:00 pm,Breweries,Birmingham,Claimed,,No,Take-out,Avondale Brewing Co,Inexpensive,,4.5,220 reviews,201 41st St S
2,8,13,79,118,12:00 pm - 12:30 am,"12:00 pm - 10:00 pm
        
                Open now",12:00 pm - 12:30 am,12:00 pm - 10:00 pm,12:00 pm - 11:00 pm,12:00 pm - 10:00 pm,12:00 pm - 10:00 pm,Breweries,Birmingham,Claimed,,Yes,Accepts Credit Cards,Avondale Brewing Co,Inexpensive,,4.5,220 reviews,201 41st St S
2,8,13,79,118,12:00 pm - 12:30 am,"12:00 pm - 10:00 pm
        
                Open now",12:00 pm - 12:30 am,12:00 pm - 10:00 pm,12:00 pm - 11:00 pm,12:00 pm - 10:00 pm,12:00 pm - 10:00 pm,Breweries,Birmingham,Claimed,,No,Accepts Apple Pay,Avondale Brewing Co,Inexpensive,,4.5,220 reviews,201 41st St S
2,8,13,79,118,12:00 pm - 12:30 am,"12:00 pm - 10:00 pm
        
                Open now",12:00 pm - 12:30 am,12:00 pm - 10:00 pm,12:00 pm - 11:00 pm,12:00 pm - 10:00 pm,12:00 pm - 10:00 pm,Breweries,Birmingham,Claimed,,No,Accepts Google Pay,Avondale Brewing Co,Inexpensive,,4.5,220 reviews,201 41st St S
2,8,13,79,118,12:00 pm - 12:30 am,"12:00 pm - 10:00 pm
        
                Open now",12:00 pm - 12:30 am,12:00 pm - 10:00 pm,12:00 pm - 11:00 pm,12:00 pm - 10:00 pm,12:00 pm - 10:00 pm,Breweries,Birmingham,Claimed,,Street,Parking,Avondale Brewing Co,Inexpensive,,4.5,220 reviews,201 41st St S
2,8,13,79,118,12:00 pm - 12:30 am,"12:00 pm - 10:00 pm
        
                Open now",12:00 pm - 12:30 am,12:00 pm - 10:00 pm,12:00 pm - 11:00 pm,12:00 pm - 10:00 pm,12:00 pm - 10:00 pm,Breweries,Birmingham,Claimed,,Yes,Bike Parking,Avondale Brewing Co,Inexpensive,,4.5,220 reviews,201 41st St S
2,8,13,79,118,12:00 pm - 12:30 am,"12:00 pm - 10:00 pm
        
                Open now",12:00 pm - 12:30 am,12:00 pm - 10:00 pm,12:00 pm - 11:00 pm,12:00 pm - 10:00 pm,12:00 pm - 10:00 pm,Breweries,Birmingham,Claimed,,Average,Noise Level,Avondale Brewing Co,Inexpensive,,4.5,220 reviews,201 41st St S
2,8,13,79,118,12:00 pm - 12:30 am,"12:00 pm - 10:00 pm
        
                Open now",12:00 pm - 12:30 am,12:00 pm - 10:00 pm,12:00 pm - 11:00 pm,12:00 pm - 10:00 pm,12:00 pm - 10:00 pm,Breweries,Birmingham,Claimed,,Yes,Good For Happy Hour,Avondale Brewing Co,Inexpensive,,4.5,220 reviews,201 41st St S
2,8,13,79,118,12:00 pm - 12:30 am,"12:00 pm - 10:00 pm
        
                Open now",12:00 pm - 12:30 am,12:00 pm - 10:00 pm,12:00 pm - 11:00 pm,12:00 pm - 10:00 pm,12:00 pm - 10:00 pm,Breweries,Birmingham,Claimed,,Yes,Dogs Allowed,Avondale Brewing Co,Inexpensive,,4.5,220 reviews,201 41st St S
2,8,13,79,118,12:00 pm - 12:30 am,"12:00 pm - 10:00 pm
        
                Open now",12:00 pm - 12:30 am,12:00 pm - 10:00 pm,12:00 pm - 11:00 pm,12:00 pm - 10:00 pm,12:00 pm - 10:00 pm,Breweries,Birmingham,Claimed,,No,Caters,Avondale Brewing Co,Inexpensive,,4.5,220 reviews,201 41st St S
2,8,13,79,118,12:00 pm - 12:30 am,"12:00 pm - 10:00 pm
        
                Open now",12:00 pm - 12:30 am,12:00 pm - 10:00 pm,12:00 pm - 11:00 pm,12:00 pm - 10:00 pm,12:00 pm - 10:00 pm,Breweries,Birmingham,Claimed,,Yes,Gender Neutral Restrooms,Avondale Brewing Co,Inexpensive,,4.5,220 reviews,201 41st St S
,,,,,,,,,,,,,Tuscaloosa,,,NA,NA,Band of Brothers Brewing Company,,NA,,NA,1605 23rd Ave
1,0,8,36,51,12:00 pm - 12:00 am,"12:00 pm - 10:00 pm
        
                Open now",12:00 pm - 12:00 am,12:00 pm - 8:00 pm,12:00 pm - 10:00 pm,12:00 pm - 10:00 pm,12:00 pm - 10:00 pm,Breweries,Birmingham,Claimed,,No,Take-out,Trim Tab Brewing,Inexpensive,,4.5,96 reviews,2721 5th Ave S
1,0,8,36,51,12:00 pm - 12:00 am,"12:00 pm - 10:00 pm
        
                Open now",12:00 pm - 12:00 am,12:00 pm - 8:00 pm,12:00 pm - 10:00 pm,12:00 pm - 10:00 pm,12:00 pm - 10:00 pm,Breweries,Birmingham,Claimed,,Yes,Accepts Credit Cards,Trim Tab Brewing,Inexpensive,,4.5,96 reviews,2721 5th Ave S
1,0,8,36,51,12:00 pm - 12:00 am,"12:00 pm - 10:00 pm
        
                Open now",12:00 pm - 12:00 am,12:00 pm - 8:00 pm,12:00 pm - 10:00 pm,12:00 pm - 10:00 pm,12:00 pm - 10:00 pm,Breweries,Birmingham,Claimed,,No,Accepts Apple Pay,Trim Tab Brewing,Inexpensive,,4.5,96 reviews,2721 5th Ave S
1,0,8,36,51,12:00 pm - 12:00 am,"12:00 pm - 10:00 pm
        
                Open now",12:00 pm - 12:00 am,12:00 pm - 8:00 pm,12:00 pm - 10:00 pm,12:00 pm - 10:00 pm,12:00 pm - 10:00 pm,Breweries,Birmingham,Claimed,,No,Accepts Google Pay,Trim Tab Brewing,Inexpensive,,4.5,96 reviews,2721 5th Ave S
1,0,8,36,51,12:00 pm - 12:00 am,"12:00 pm - 10:00 pm
        
                Open now",12:00 pm - 12:00 am,12:00 pm - 8:00 pm,12:00 pm - 10:00 pm,12:00 pm - 10:00 pm,12:00 pm - 10:00 pm,Breweries,Birmingham,Claimed,,"Street, Private Lot",Parking,Trim Tab Brewing,Inexpensive,,4.5,96 reviews,2721 5th Ave S
1,0,8,36,51,12:00 pm - 12:00 am,"12:00 pm - 10:00 pm
        
                Open now",12:00 pm - 12:00 am,12:00 pm - 8:00 pm,12:00 pm - 10:00 pm,12:00 pm - 10:00 pm,12:00 pm - 10:00 pm,Breweries,Birmingham,Claimed,,Yes,Bike Parking,Trim Tab Brewing,Inexpensive,,4.5,96 reviews,2721 5th Ave S
1,0,8,36,51,12:00 pm - 12:00 am,"12:00 pm - 10:00 pm
        
                Open now",12:00 pm - 12:00 am,12:00 pm - 8:00 pm,12:00 pm - 10:00 pm,12:00 pm - 10:00 pm,12:00 pm - 10:00 pm,Breweries,Birmingham,Claimed,,No,Good for Kids,Trim Tab Brewing,Inexpensive,,4.5,96 reviews,2721 5th Ave S
1,0,8,36,51,12:00 pm - 12:00 am,"12:00 pm - 10:00 pm
        
                Open now",12:00 pm - 12:00 am,12:00 pm - 8:00 pm,12:00 pm - 10:00 pm,12:00 pm - 10:00 pm,12:00 pm - 10:00 pm,Breweries,Birmingham,Claimed,,Average,Noise Level,Trim Tab Brewing,Inexpensive,,4.5,96 reviews,2721 5th Ave S
1,0,8,36,51,12:00 pm - 12:00 am,"12:00 pm - 10:00 pm
        
                Open now",12:00 pm - 12:00 am,12:00 pm - 8:00 pm,12:00 pm - 10:00 pm,12:00 pm - 10:00 pm,12:00 pm - 10:00 pm,Breweries,Birmingham,Claimed,,Yes,Dogs Allowed,Trim Tab Brewing,Inexpensive,,4.5,96 reviews,2721 5th Ave S
1,0,8,36,51,12:00 pm - 12:00 am,"12:00 pm - 10:00 pm
        
                Open now",12:00 pm - 12:00 am,12:00 pm - 8:00 pm,12:00 pm - 10:00 pm,12:00 pm - 10:00 pm,12:00 pm - 10:00 pm,Breweries,Birmingham,Claimed,,No,Caters,Trim Tab Brewing,Inexpensive,,4.5,96 reviews,2721 5th Ave S
1,1,3,15,34,11:00 am - 11:00 pm,"11:00 am - 9:00 pm
        
                Open now",11:00 am - 11:00 pm,11:00 am - 8:00 pm,11:00 am - 11:00 pm,11:00 am - 9:00 pm,11:00 am - 9:00 pm,Breweries,Huntsville,Claimed,,Yes,Take-out,Yellowhammer Brewery,Inexpensive,,4.5,54 reviews,2600 Clinton Ave W
1,1,3,15,34,11:00 am - 11:00 pm,"11:00 am - 9:00 pm
        
                Open now",11:00 am - 11:00 pm,11:00 am - 8:00 pm,11:00 am - 11:00 pm,11:00 am - 9:00 pm,11:00 am - 9:00 pm,Breweries,Huntsville,Claimed,,Yes,Accepts Credit Cards,Yellowhammer Brewery,Inexpensive,,4.5,54 reviews,2600 Clinton Ave W
1,1,3,15,34,11:00 am - 11:00 pm,"11:00 am - 9:00 pm
        
                Open now",11:00 am - 11:00 pm,11:00 am - 8:00 pm,11:00 am - 11:00 pm,11:00 am - 9:00 pm,11:00 am - 9:00 pm,Breweries,Huntsville,Claimed,,No,Accepts Apple Pay,Yellowhammer Brewery,Inexpensive,,4.5,54 reviews,2600 Clinton Ave W
1,1,3,15,34,11:00 am - 11:00 pm,"11:00 am - 9:00 pm
        
                Open now",11:00 am - 11:00 pm,11:00 am - 8:00 pm,11:00 am - 11:00 pm,11:00 am - 9:00 pm,11:00 am - 9:00 pm,Breweries,Huntsville,Claimed,,No,Accepts Google Pay,Yellowhammer Brewery,Inexpensive,,4.5,54 reviews,2600 Clinton Ave W
1,1,3,15,34,11:00 am - 11:00 pm,"11:00 am - 9:00 pm
        
                Open now",11:00 am - 11:00 pm,11:00 am - 8:00 pm,11:00 am - 11:00 pm,11:00 am - 9:00 pm,11:00 am - 9:00 pm,Breweries,Huntsville,Claimed,,Private Lot,Parking,Yellowhammer Brewery,Inexpensive,,4.5,54 reviews,2600 Clinton Ave W
1,1,3,15,34,11:00 am - 11:00 pm,"11:00 am - 9:00 pm
        
                Open now",11:00 am - 11:00 pm,11:00 am - 8:00 pm,11:00 am - 11:00 pm,11:00 am - 9:00 pm,11:00 am - 9:00 pm,Breweries,Huntsville,Claimed,,No,Bike Parking,Yellowhammer Brewery,Inexpensive,,4.5,54 reviews,2600 Clinton Ave W
1,1,3,15,34,11:00 am - 11:00 pm,"11:00 am - 9:00 pm
        
                Open now",11:00 am - 11:00 pm,11:00 am - 8:00 pm,11:00 am - 11:00 pm,11:00 am - 9:00 pm,11:00 am - 9:00 pm,Breweries,Huntsville,Claimed,,Average,Noise Level,Yellowhammer Brewery,Inexpensive,,4.5,54 reviews,2600 Clinton Ave W
1,1,3,15,34,11:00 am - 11:00 pm,"11:00 am - 9:00 pm
        
                Open now",11:00 am - 11:00 pm,11:00 am - 8:00 pm,11:00 am - 11:00 pm,11:00 am - 9:00 pm,11:00 am - 9:00 pm,Breweries,Huntsville,Claimed,,Yes,Dogs Allowed,Yellowhammer Brewery,Inexpensive,,4.5,54 reviews,2600 Clinton Ave W
1,1,3,15,34,11:00 am - 11:00 pm,"11:00 am - 9:00 pm
        
                Open now",11:00 am - 11:00 pm,11:00 am - 8:00 pm,11:00 am - 11:00 pm,11:00 am - 9:00 pm,11:00 am - 9:00 pm,Breweries,Huntsville,Claimed,,No,Caters,Yellowhammer Brewery,Inexpensive,,4.5,54 reviews,2600 Clinton Ave W
,,,,,,,,,,,,,Wasilla,,,NA,NA,Bearpaw River Brewing Co,,NA,,NA,4605 E Palmer Wasilla Hwy
,,,,,,,,,,,,,Anchorage,,,NA,NA,King Street Brewing Co,,NA,,NA,9050 King Street
,,,,,,,,,,,,,Tucson,,,NA,NA,1912 Brewing,,NA,,NA,2045 N Forbes Blvd Ste 105
,,,,,,,,,,,,,Scottsdale,,,NA,NA,Bad Water Brewing,,NA,,NA,4216 N Brown Ave
,,,,,,,,,,,,,Chandler,,,NA,NA,BJs Restaurant & Brewery - Chandler,,NA,,NA,3155 W Chandler Blvd
1,0,4,5,14,2:30 pm - 10:00 pm,Closed,12:00 pm - 10:00 pm,Closed,2:30 pm - 10:00 pm,2:30 pm - 9:00 pm,2:30 pm - 9:00 pm,Breweries,Tucson,Claimed,,No,Take-out,BlackRock Brewers,Inexpensive,,4.5,24 reviews,1664 S Research Loop Ste 200
1,0,4,5,14,2:30 pm - 10:00 pm,Closed,12:00 pm - 10:00 pm,Closed,2:30 pm - 10:00 pm,2:30 pm - 9:00 pm,2:30 pm - 9:00 pm,Breweries,Tucson,Claimed,,Yes,Accepts Credit Cards,BlackRock Brewers,Inexpensive,,4.5,24 reviews,1664 S Research Loop Ste 200
1,0,4,5,14,2:30 pm - 10:00 pm,Closed,12:00 pm - 10:00 pm,Closed,2:30 pm - 10:00 pm,2:30 pm - 9:00 pm,2:30 pm - 9:00 pm,Breweries,Tucson,Claimed,,No,Accepts Cryptocurrency,BlackRock Brewers,Inexpensive,,4.5,24 reviews,1664 S Research Loop Ste 200
1,0,4,5,14,2:30 pm - 10:00 pm,Closed,12:00 pm - 10:00 pm,Closed,2:30 pm - 10:00 pm,2:30 pm - 9:00 pm,2:30 pm - 9:00 pm,Breweries,Tucson,Claimed,,Private Lot,Parking,BlackRock Brewers,Inexpensive,,4.5,24 reviews,1664 S Research Loop Ste 200
1,0,4,5,14,2:30 pm - 10:00 pm,Closed,12:00 pm - 10:00 pm,Closed,2:30 pm - 10:00 pm,2:30 pm - 9:00 pm,2:30 pm - 9:00 pm,Breweries,Tucson,Claimed,,Yes,Bike Parking,BlackRock Brewers,Inexpensive,,4.5,24 reviews,1664 S Research Loop Ste 200
1,0,4,5,14,2:30 pm - 10:00 pm,Closed,12:00 pm - 10:00 pm,Closed,2:30 pm - 10:00 pm,2:30 pm - 9:00 pm,2:30 pm - 9:00 pm,Breweries,Tucson,Claimed,,Yes,Wheelchair Accessible,BlackRock Brewers,Inexpensive,,4.5,24 reviews,1664 S Research Loop Ste 200
1,0,4,5,14,2:30 pm - 10:00 pm,Closed,12:00 pm - 10:00 pm,Closed,2:30 pm - 10:00 pm,2:30 pm - 9:00 pm,2:30 pm - 9:00 pm,Breweries,Tucson,Claimed,,No,Good For Happy Hour,BlackRock Brewers,Inexpensive,,4.5,24 reviews,1664 S Research Loop Ste 200
1,0,4,5,14,2:30 pm - 10:00 pm,Closed,12:00 pm - 10:00 pm,Closed,2:30 pm - 10:00 pm,2:30 pm - 9:00 pm,2:30 pm - 9:00 pm,Breweries,Tucson,Claimed,,No,Dogs Allowed,BlackRock Brewers,Inexpensive,,4.5,24 reviews,1664 S Research Loop Ste 200
1,0,4,5,14,2:30 pm - 10:00 pm,Closed,12:00 pm - 10:00 pm,Closed,2:30 pm - 10:00 pm,2:30 pm - 9:00 pm,2:30 pm - 9:00 pm,Breweries,Tucson,Claimed,,No,Caters,BlackRock Brewers,Inexpensive,,4.5,24 reviews,1664 S Research Loop Ste 200
1,0,4,5,14,2:30 pm - 10:00 pm,Closed,12:00 pm - 10:00 pm,Closed,2:30 pm - 10:00 pm,2:30 pm - 9:00 pm,2:30 pm - 9:00 pm,Breweries,Tucson,Claimed,,Yes,Offers Military Discount,BlackRock Brewers,Inexpensive,,4.5,24 reviews,1664 S Research Loop Ste 200
4,2,15,45,105,3:00 pm - 10:00 pm,"3:00 pm - 10:00 pm
        
                Open now",12:00 pm - 10:00 pm,12:00 pm - 5:00 pm,3:00 pm - 10:00 pm,3:00 pm - 10:00 pm,3:00 pm - 10:00 pm,Breweries,Tucson,Claimed,,No,Take-out,Dragoon Brewing Co,Moderate,,4.5,171 reviews,1859 W Grant Rd Ste 111
4,2,15,45,105,3:00 pm - 10:00 pm,"3:00 pm - 10:00 pm
        
                Open now",12:00 pm - 10:00 pm,12:00 pm - 5:00 pm,3:00 pm - 10:00 pm,3:00 pm - 10:00 pm,3:00 pm - 10:00 pm,Breweries,Tucson,Claimed,,Yes,Accepts Credit Cards,Dragoon Brewing Co,Moderate,,4.5,171 reviews,1859 W Grant Rd Ste 111
4,2,15,45,105,3:00 pm - 10:00 pm,"3:00 pm - 10:00 pm
        
                Open now",12:00 pm - 10:00 pm,12:00 pm - 5:00 pm,3:00 pm - 10:00 pm,3:00 pm - 10:00 pm,3:00 pm - 10:00 pm,Breweries,Tucson,Claimed,,No,Accepts Apple Pay,Dragoon Brewing Co,Moderate,,4.5,171 reviews,1859 W Grant Rd Ste 111
4,2,15,45,105,3:00 pm - 10:00 pm,"3:00 pm - 10:00 pm
        
                Open now",12:00 pm - 10:00 pm,12:00 pm - 5:00 pm,3:00 pm - 10:00 pm,3:00 pm - 10:00 pm,3:00 pm - 10:00 pm,Breweries,Tucson,Claimed,,No,Accepts Google Pay,Dragoon Brewing Co,Moderate,,4.5,171 reviews,1859 W Grant Rd Ste 111
4,2,15,45,105,3:00 pm - 10:00 pm,"3:00 pm - 10:00 pm
        
                Open now",12:00 pm - 10:00 pm,12:00 pm - 5:00 pm,3:00 pm - 10:00 pm,3:00 pm - 10:00 pm,3:00 pm - 10:00 pm,Breweries,Tucson,Claimed,,No,Accepts Cryptocurrency,Dragoon Brewing Co,Moderate,,4.5,171 reviews,1859 W Grant Rd Ste 111
4,2,15,45,105,3:00 pm - 10:00 pm,"3:00 pm - 10:00 pm
        
                Open now",12:00 pm - 10:00 pm,12:00 pm - 5:00 pm,3:00 pm - 10:00 pm,3:00 pm - 10:00 pm,3:00 pm - 10:00 pm,Breweries,Tucson,Claimed,,Private Lot,Parking,Dragoon Brewing Co,Moderate,,4.5,171 reviews,1859 W Grant Rd Ste 111
4,2,15,45,105,3:00 pm - 10:00 pm,"3:00 pm - 10:00 pm
        
                Open now",12:00 pm - 10:00 pm,12:00 pm - 5:00 pm,3:00 pm - 10:00 pm,3:00 pm - 10:00 pm,3:00 pm - 10:00 pm,Breweries,Tucson,Claimed,,Yes,Bike Parking,Dragoon Brewing Co,Moderate,,4.5,171 reviews,1859 W Grant Rd Ste 111
4,2,15,45,105,3:00 pm - 10:00 pm,"3:00 pm - 10:00 pm
        
                Open now",12:00 pm - 10:00 pm,12:00 pm - 5:00 pm,3:00 pm - 10:00 pm,3:00 pm - 10:00 pm,3:00 pm - 10:00 pm,Breweries,Tucson,Claimed,,Average,Noise Level,Dragoon Brewing Co,Moderate,,4.5,171 reviews,1859 W Grant Rd Ste 111
4,2,15,45,105,3:00 pm - 10:00 pm,"3:00 pm - 10:00 pm
        
                Open now",12:00 pm - 10:00 pm,12:00 pm - 5:00 pm,3:00 pm - 10:00 pm,3:00 pm - 10:00 pm,3:00 pm - 10:00 pm,Breweries,Tucson,Claimed,,No,Dogs Allowed,Dragoon Brewing Co,Moderate,,4.5,171 reviews,1859 W Grant Rd Ste 111
4,2,15,45,105,3:00 pm - 10:00 pm,"3:00 pm - 10:00 pm
        
                Open now",12:00 pm - 10:00 pm,12:00 pm - 5:00 pm,3:00 pm - 10:00 pm,3:00 pm - 10:00 pm,3:00 pm - 10:00 pm,Breweries,Tucson,Claimed,,No,Caters,Dragoon Brewing Co,Moderate,,4.5,171 reviews,1859 W Grant Rd Ste 111
45,35,26,57,132,11:00 am - 10:00 pm,"2:00 pm - 10:00 pm
        
                Open now",11:00 am - 10:00 pm,11:00 am - 10:00 pm,2:00 pm - 10:00 pm,2:00 pm - 10:00 pm,2:00 pm - 10:00 pm,"American (Traditional),Breweries",Williams,Claimed,,Yes,Takes Reservations,Grand Canyon Brewing Company,$11-30,,3.5,295 reviews,233 W Route 66
45,35,26,57,132,11:00 am - 10:00 pm,"2:00 pm - 10:00 pm
        
                Open now",11:00 am - 10:00 pm,11:00 am - 10:00 pm,2:00 pm - 10:00 pm,2:00 pm - 10:00 pm,2:00 pm - 10:00 pm,"American (Traditional),Breweries",Williams,Claimed,,No,Delivery,Grand Canyon Brewing Company,$11-30,,3.5,295 reviews,233 W Route 66
45,35,26,57,132,11:00 am - 10:00 pm,"2:00 pm - 10:00 pm
        
                Open now",11:00 am - 10:00 pm,11:00 am - 10:00 pm,2:00 pm - 10:00 pm,2:00 pm - 10:00 pm,2:00 pm - 10:00 pm,"American (Traditional),Breweries",Williams,Claimed,,Yes,Take-out,Grand Canyon Brewing Company,$11-30,,3.5,295 reviews,233 W Route 66
45,35,26,57,132,11:00 am - 10:00 pm,"2:00 pm - 10:00 pm
        
                Open now",11:00 am - 10:00 pm,11:00 am - 10:00 pm,2:00 pm - 10:00 pm,2:00 pm - 10:00 pm,2:00 pm - 10:00 pm,"American (Traditional),Breweries",Williams,Claimed,,Yes,Accepts Credit Cards,Grand Canyon Brewing Company,$11-30,,3.5,295 reviews,233 W Route 66
45,35,26,57,132,11:00 am - 10:00 pm,"2:00 pm - 10:00 pm
        
                Open now",11:00 am - 10:00 pm,11:00 am - 10:00 pm,2:00 pm - 10:00 pm,2:00 pm - 10:00 pm,2:00 pm - 10:00 pm,"American (Traditional),Breweries",Williams,Claimed,,No,Accepts Apple Pay,Grand Canyon Brewing Company,$11-30,,3.5,295 reviews,233 W Route 66
45,35,26,57,132,11:00 am - 10:00 pm,"2:00 pm - 10:00 pm
        
                Open now",11:00 am - 10:00 pm,11:00 am - 10:00 pm,2:00 pm - 10:00 pm,2:00 pm - 10:00 pm,2:00 pm - 10:00 pm,"American (Traditional),Breweries",Williams,Claimed,,No,Accepts Google Pay,Grand Canyon Brewing Company,$11-30,,3.5,295 reviews,233 W Route 66
45,35,26,57,132,11:00 am - 10:00 pm,"2:00 pm - 10:00 pm
        
                Open now",11:00 am - 10:00 pm,11:00 am - 10:00 pm,2:00 pm - 10:00 pm,2:00 pm - 10:00 pm,2:00 pm - 10:00 pm,"American (Traditional),Breweries",Williams,Claimed,,No,Accepts Cryptocurrency,Grand Canyon Brewing Company,$11-30,,3.5,295 reviews,233 W Route 66
45,35,26,57,132,11:00 am - 10:00 pm,"2:00 pm - 10:00 pm
        
                Open now",11:00 am - 10:00 pm,11:00 am - 10:00 pm,2:00 pm - 10:00 pm,2:00 pm - 10:00 pm,2:00 pm - 10:00 pm,"American (Traditional),Breweries",Williams,Claimed,,"Lunch, Dinner",Good For,Grand Canyon Brewing Company,$11-30,,3.5,295 reviews,233 W Route 66
45,35,26,57,132,11:00 am - 10:00 pm,"2:00 pm - 10:00 pm
        
                Open now",11:00 am - 10:00 pm,11:00 am - 10:00 pm,2:00 pm - 10:00 pm,2:00 pm - 10:00 pm,2:00 pm - 10:00 pm,"American (Traditional),Breweries",Williams,Claimed,,"Street, Private Lot",Parking,Grand Canyon Brewing Company,$11-30,,3.5,295 reviews,233 W Route 66
45,35,26,57,132,11:00 am - 10:00 pm,"2:00 pm - 10:00 pm
        
                Open now",11:00 am - 10:00 pm,11:00 am - 10:00 pm,2:00 pm - 10:00 pm,2:00 pm - 10:00 pm,2:00 pm - 10:00 pm,"American (Traditional),Breweries",Williams,Claimed,,Yes,Bike Parking,Grand Canyon Brewing Company,$11-30,,3.5,295 reviews,233 W Route 66
45,35,26,57,132,11:00 am - 10:00 pm,"2:00 pm - 10:00 pm
        
                Open now",11:00 am - 10:00 pm,11:00 am - 10:00 pm,2:00 pm - 10:00 pm,2:00 pm - 10:00 pm,2:00 pm - 10:00 pm,"American (Traditional),Breweries",Williams,Claimed,,Yes,Good for Kids,Grand Canyon Brewing Company,$11-30,,3.5,295 reviews,233 W Route 66
45,35,26,57,132,11:00 am - 10:00 pm,"2:00 pm - 10:00 pm
        
                Open now",11:00 am - 10:00 pm,11:00 am - 10:00 pm,2:00 pm - 10:00 pm,2:00 pm - 10:00 pm,2:00 pm - 10:00 pm,"American (Traditional),Breweries",Williams,Claimed,,Yes,Good for Groups,Grand Canyon Brewing Company,$11-30,,3.5,295 reviews,233 W Route 66
45,35,26,57,132,11:00 am - 10:00 pm,"2:00 pm - 10:00 pm
        
                Open now",11:00 am - 10:00 pm,11:00 am - 10:00 pm,2:00 pm - 10:00 pm,2:00 pm - 10:00 pm,2:00 pm - 10:00 pm,"American (Traditional),Breweries",Williams,Claimed,,Casual,Attire,Grand Canyon Brewing Company,$11-30,,3.5,295 reviews,233 W Route 66
45,35,26,57,132,11:00 am - 10:00 pm,"2:00 pm - 10:00 pm
        
                Open now",11:00 am - 10:00 pm,11:00 am - 10:00 pm,2:00 pm - 10:00 pm,2:00 pm - 10:00 pm,2:00 pm - 10:00 pm,"American (Traditional),Breweries",Williams,Claimed,,Casual,Ambience,Grand Canyon Brewing Company,$11-30,,3.5,295 reviews,233 W Route 66
45,35,26,57,132,11:00 am - 10:00 pm,"2:00 pm - 10:00 pm
        
                Open now",11:00 am - 10:00 pm,11:00 am - 10:00 pm,2:00 pm - 10:00 pm,2:00 pm - 10:00 pm,2:00 pm - 10:00 pm,"American (Traditional),Breweries",Williams,Claimed,,Average,Noise Level,Grand Canyon Brewing Company,$11-30,,3.5,295 reviews,233 W Route 66
45,35,26,57,132,11:00 am - 10:00 pm,"2:00 pm - 10:00 pm
        
                Open now",11:00 am - 10:00 pm,11:00 am - 10:00 pm,2:00 pm - 10:00 pm,2:00 pm - 10:00 pm,2:00 pm - 10:00 pm,"American (Traditional),Breweries",Williams,Claimed,,Full Bar,Alcohol,Grand Canyon Brewing Company,$11-30,,3.5,295 reviews,233 W Route 66
45,35,26,57,132,11:00 am - 10:00 pm,"2:00 pm - 10:00 pm
        
                Open now",11:00 am - 10:00 pm,11:00 am - 10:00 pm,2:00 pm - 10:00 pm,2:00 pm - 10:00 pm,2:00 pm - 10:00 pm,"American (Traditional),Breweries",Williams,Claimed,,Yes,Good For Happy Hour,Grand Canyon Brewing Company,$11-30,,3.5,295 reviews,233 W Route 66
45,35,26,57,132,11:00 am - 10:00 pm,"2:00 pm - 10:00 pm
        
                Open now",11:00 am - 10:00 pm,11:00 am - 10:00 pm,2:00 pm - 10:00 pm,2:00 pm - 10:00 pm,2:00 pm - 10:00 pm,"American (Traditional),Breweries",Williams,Claimed,,Yes,Outdoor Seating,Grand Canyon Brewing Company,$11-30,,3.5,295 reviews,233 W Route 66
45,35,26,57,132,11:00 am - 10:00 pm,"2:00 pm - 10:00 pm
        
                Open now",11:00 am - 10:00 pm,11:00 am - 10:00 pm,2:00 pm - 10:00 pm,2:00 pm - 10:00 pm,2:00 pm - 10:00 pm,"American (Traditional),Breweries",Williams,Claimed,,Free,Wi-Fi,Grand Canyon Brewing Company,$11-30,,3.5,295 reviews,233 W Route 66
45,35,26,57,132,11:00 am - 10:00 pm,"2:00 pm - 10:00 pm
        
                Open now",11:00 am - 10:00 pm,11:00 am - 10:00 pm,2:00 pm - 10:00 pm,2:00 pm - 10:00 pm,2:00 pm - 10:00 pm,"American (Traditional),Breweries",Williams,Claimed,,Yes,Has TV,Grand Canyon Brewing Company,$11-30,,3.5,295 reviews,233 W Route 66
45,35,26,57,132,11:00 am - 10:00 pm,"2:00 pm - 10:00 pm
        
                Open now",11:00 am - 10:00 pm,11:00 am - 10:00 pm,2:00 pm - 10:00 pm,2:00 pm - 10:00 pm,2:00 pm - 10:00 pm,"American (Traditional),Breweries",Williams,Claimed,,No,Caters,Grand Canyon Brewing Company,$11-30,,3.5,295 reviews,233 W Route 66
45,35,26,57,132,11:00 am - 10:00 pm,"2:00 pm - 10:00 pm
        
                Open now",11:00 am - 10:00 pm,11:00 am - 10:00 pm,2:00 pm - 10:00 pm,2:00 pm - 10:00 pm,2:00 pm - 10:00 pm,"American (Traditional),Breweries",Williams,Claimed,,Yes,Offers Military Discount,Grand Canyon Brewing Company,$11-30,,3.5,295 reviews,233 W Route 66
31,26,37,62,102,11:00 am - 10:30 pm,"11:00 am - 9:30 pm
        
                Open now",11:00 am - 10:30 pm,11:00 am - 9:30 pm,11:00 am - 9:30 pm,11:00 am - 9:30 pm,11:00 am - 9:30 pm,Breweries,Lake Havasu City,Claimed,,Yes,Take-out,Mudshark Brewing Co,Moderate,,3.5,258 reviews,210 Swanson Ave
31,26,37,62,102,11:00 am - 10:30 pm,"11:00 am - 9:30 pm
        
                Open now",11:00 am - 10:30 pm,11:00 am - 9:30 pm,11:00 am - 9:30 pm,11:00 am - 9:30 pm,11:00 am - 9:30 pm,Breweries,Lake Havasu City,Claimed,,Yes,Accepts Credit Cards,Mudshark Brewing Co,Moderate,,3.5,258 reviews,210 Swanson Ave
31,26,37,62,102,11:00 am - 10:30 pm,"11:00 am - 9:30 pm
        
                Open now",11:00 am - 10:30 pm,11:00 am - 9:30 pm,11:00 am - 9:30 pm,11:00 am - 9:30 pm,11:00 am - 9:30 pm,Breweries,Lake Havasu City,Claimed,,No,Accepts Apple Pay,Mudshark Brewing Co,Moderate,,3.5,258 reviews,210 Swanson Ave
31,26,37,62,102,11:00 am - 10:30 pm,"11:00 am - 9:30 pm
        
                Open now",11:00 am - 10:30 pm,11:00 am - 9:30 pm,11:00 am - 9:30 pm,11:00 am - 9:30 pm,11:00 am - 9:30 pm,Breweries,Lake Havasu City,Claimed,,Yes,Accepts Google Pay,Mudshark Brewing Co,Moderate,,3.5,258 reviews,210 Swanson Ave
31,26,37,62,102,11:00 am - 10:30 pm,"11:00 am - 9:30 pm
        
                Open now",11:00 am - 10:30 pm,11:00 am - 9:30 pm,11:00 am - 9:30 pm,11:00 am - 9:30 pm,11:00 am - 9:30 pm,Breweries,Lake Havasu City,Claimed,,Private Lot,Parking,Mudshark Brewing Co,Moderate,,3.5,258 reviews,210 Swanson Ave
31,26,37,62,102,11:00 am - 10:30 pm,"11:00 am - 9:30 pm
        
                Open now",11:00 am - 10:30 pm,11:00 am - 9:30 pm,11:00 am - 9:30 pm,11:00 am - 9:30 pm,11:00 am - 9:30 pm,Breweries,Lake Havasu City,Claimed,,Yes,Bike Parking,Mudshark Brewing Co,Moderate,,3.5,258 reviews,210 Swanson Ave
31,26,37,62,102,11:00 am - 10:30 pm,"11:00 am - 9:30 pm
        
                Open now",11:00 am - 10:30 pm,11:00 am - 9:30 pm,11:00 am - 9:30 pm,11:00 am - 9:30 pm,11:00 am - 9:30 pm,Breweries,Lake Havasu City,Claimed,,Yes,Wheelchair Accessible,Mudshark Brewing Co,Moderate,,3.5,258 reviews,210 Swanson Ave
31,26,37,62,102,11:00 am - 10:30 pm,"11:00 am - 9:30 pm
        
                Open now",11:00 am - 10:30 pm,11:00 am - 9:30 pm,11:00 am - 9:30 pm,11:00 am - 9:30 pm,11:00 am - 9:30 pm,Breweries,Lake Havasu City,Claimed,,Yes,Good for Kids,Mudshark Brewing Co,Moderate,,3.5,258 reviews,210 Swanson Ave
31,26,37,62,102,11:00 am - 10:30 pm,"11:00 am - 9:30 pm
        
                Open now",11:00 am - 10:30 pm,11:00 am - 9:30 pm,11:00 am - 9:30 pm,11:00 am - 9:30 pm,11:00 am - 9:30 pm,Breweries,Lake Havasu City,Claimed,,Average,Noise Level,Mudshark Brewing Co,Moderate,,3.5,258 reviews,210 Swanson Ave
31,26,37,62,102,11:00 am - 10:30 pm,"11:00 am - 9:30 pm
        
                Open now",11:00 am - 10:30 pm,11:00 am - 9:30 pm,11:00 am - 9:30 pm,11:00 am - 9:30 pm,11:00 am - 9:30 pm,Breweries,Lake Havasu City,Claimed,,Yes,Good For Happy Hour,Mudshark Brewing Co,Moderate,,3.5,258 reviews,210 Swanson Ave
31,26,37,62,102,11:00 am - 10:30 pm,"11:00 am - 9:30 pm
        
                Open now",11:00 am - 10:30 pm,11:00 am - 9:30 pm,11:00 am - 9:30 pm,11:00 am - 9:30 pm,11:00 am - 9:30 pm,Breweries,Lake Havasu City,Claimed,,Yes,Dogs Allowed,Mudshark Brewing Co,Moderate,,3.5,258 reviews,210 Swanson Ave
31,26,37,62,102,11:00 am - 10:30 pm,"11:00 am - 9:30 pm
        
                Open now",11:00 am - 10:30 pm,11:00 am - 9:30 pm,11:00 am - 9:30 pm,11:00 am - 9:30 pm,11:00 am - 9:30 pm,Breweries,Lake Havasu City,Claimed,,No,Caters,Mudshark Brewing Co,Moderate,,3.5,258 reviews,210 Swanson Ave
4,6,3,5,30,12:00 pm - 11:00 pm,"12:00 pm - 9:00 pm
        
                Open now",12:00 pm - 11:00 pm,12:00 pm - 8:00 pm,12:00 pm - 9:00 pm,12:00 pm - 9:00 pm,12:00 pm - 9:00 pm,Breweries,Peoria,Claimed,,Yes,Take-out,Richter Aleworks,Moderate,,4.0,48 reviews,8279 W Lake Pleasant Pkwy Ste 110
4,6,3,5,30,12:00 pm - 11:00 pm,"12:00 pm - 9:00 pm
        
                Open now",12:00 pm - 11:00 pm,12:00 pm - 8:00 pm,12:00 pm - 9:00 pm,12:00 pm - 9:00 pm,12:00 pm - 9:00 pm,Breweries,Peoria,Claimed,,Yes,Accepts Credit Cards,Richter Aleworks,Moderate,,4.0,48 reviews,8279 W Lake Pleasant Pkwy Ste 110
4,6,3,5,30,12:00 pm - 11:00 pm,"12:00 pm - 9:00 pm
        
                Open now",12:00 pm - 11:00 pm,12:00 pm - 8:00 pm,12:00 pm - 9:00 pm,12:00 pm - 9:00 pm,12:00 pm - 9:00 pm,Breweries,Peoria,Claimed,,No,Accepts Apple Pay,Richter Aleworks,Moderate,,4.0,48 reviews,8279 W Lake Pleasant Pkwy Ste 110
4,6,3,5,30,12:00 pm - 11:00 pm,"12:00 pm - 9:00 pm
        
                Open now",12:00 pm - 11:00 pm,12:00 pm - 8:00 pm,12:00 pm - 9:00 pm,12:00 pm - 9:00 pm,12:00 pm - 9:00 pm,Breweries,Peoria,Claimed,,Private Lot,Parking,Richter Aleworks,Moderate,,4.0,48 reviews,8279 W Lake Pleasant Pkwy Ste 110
4,6,3,5,30,12:00 pm - 11:00 pm,"12:00 pm - 9:00 pm
        
                Open now",12:00 pm - 11:00 pm,12:00 pm - 8:00 pm,12:00 pm - 9:00 pm,12:00 pm - 9:00 pm,12:00 pm - 9:00 pm,Breweries,Peoria,Claimed,,Yes,Bike Parking,Richter Aleworks,Moderate,,4.0,48 reviews,8279 W Lake Pleasant Pkwy Ste 110
4,6,3,5,30,12:00 pm - 11:00 pm,"12:00 pm - 9:00 pm
        
                Open now",12:00 pm - 11:00 pm,12:00 pm - 8:00 pm,12:00 pm - 9:00 pm,12:00 pm - 9:00 pm,12:00 pm - 9:00 pm,Breweries,Peoria,Claimed,,Yes,Wheelchair Accessible,Richter Aleworks,Moderate,,4.0,48 reviews,8279 W Lake Pleasant Pkwy Ste 110
4,6,3,5,30,12:00 pm - 11:00 pm,"12:00 pm - 9:00 pm
        
                Open now",12:00 pm - 11:00 pm,12:00 pm - 8:00 pm,12:00 pm - 9:00 pm,12:00 pm - 9:00 pm,12:00 pm - 9:00 pm,Breweries,Peoria,Claimed,,No,Good For Happy Hour,Richter Aleworks,Moderate,,4.0,48 reviews,8279 W Lake Pleasant Pkwy Ste 110
4,6,3,5,30,12:00 pm - 11:00 pm,"12:00 pm - 9:00 pm
        
                Open now",12:00 pm - 11:00 pm,12:00 pm - 8:00 pm,12:00 pm - 9:00 pm,12:00 pm - 9:00 pm,12:00 pm - 9:00 pm,Breweries,Peoria,Claimed,,No,Caters,Richter Aleworks,Moderate,,4.0,48 reviews,8279 W Lake Pleasant Pkwy Ste 110
49,75,148,437,566,11:00 am - 1:00 am,"11:00 am - 11:00 pm
        
                Open now",9:00 am - 1:00 am,9:00 am - 11:00 pm,11:00 am - 11:00 pm,11:00 am - 11:00 pm,11:00 am - 11:00 pm,"Brewpubs,Distilleries",Chandler,Claimed,,Yes,Happy Hour Specials,SanTan Brewing Co,Moderate,,4.0,1275 reviews,8 S San Marcos Pl
49,75,148,437,566,11:00 am - 1:00 am,"11:00 am - 11:00 pm
        
                Open now",9:00 am - 1:00 am,9:00 am - 11:00 pm,11:00 am - 11:00 pm,11:00 am - 11:00 pm,11:00 am - 11:00 pm,"Brewpubs,Distilleries",Chandler,Claimed,,Yes,Take-out,SanTan Brewing Co,Moderate,,4.0,1275 reviews,8 S San Marcos Pl
49,75,148,437,566,11:00 am - 1:00 am,"11:00 am - 11:00 pm
        
                Open now",9:00 am - 1:00 am,9:00 am - 11:00 pm,11:00 am - 11:00 pm,11:00 am - 11:00 pm,11:00 am - 11:00 pm,"Brewpubs,Distilleries",Chandler,Claimed,,Yes,Accepts Credit Cards,SanTan Brewing Co,Moderate,,4.0,1275 reviews,8 S San Marcos Pl
49,75,148,437,566,11:00 am - 1:00 am,"11:00 am - 11:00 pm
        
                Open now",9:00 am - 1:00 am,9:00 am - 11:00 pm,11:00 am - 11:00 pm,11:00 am - 11:00 pm,11:00 am - 11:00 pm,"Brewpubs,Distilleries",Chandler,Claimed,,No,Accepts Apple Pay,SanTan Brewing Co,Moderate,,4.0,1275 reviews,8 S San Marcos Pl
49,75,148,437,566,11:00 am - 1:00 am,"11:00 am - 11:00 pm
        
                Open now",9:00 am - 1:00 am,9:00 am - 11:00 pm,11:00 am - 11:00 pm,11:00 am - 11:00 pm,11:00 am - 11:00 pm,"Brewpubs,Distilleries",Chandler,Claimed,,No,Accepts Google Pay,SanTan Brewing Co,Moderate,,4.0,1275 reviews,8 S San Marcos Pl
49,75,148,437,566,11:00 am - 1:00 am,"11:00 am - 11:00 pm
        
                Open now",9:00 am - 1:00 am,9:00 am - 11:00 pm,11:00 am - 11:00 pm,11:00 am - 11:00 pm,11:00 am - 11:00 pm,"Brewpubs,Distilleries",Chandler,Claimed,,Street,Parking,SanTan Brewing Co,Moderate,,4.0,1275 reviews,8 S San Marcos Pl
49,75,148,437,566,11:00 am - 1:00 am,"11:00 am - 11:00 pm
        
                Open now",9:00 am - 1:00 am,9:00 am - 11:00 pm,11:00 am - 11:00 pm,11:00 am - 11:00 pm,11:00 am - 11:00 pm,"Brewpubs,Distilleries",Chandler,Claimed,,Yes,Bike Parking,SanTan Brewing Co,Moderate,,4.0,1275 reviews,8 S San Marcos Pl
49,75,148,437,566,11:00 am - 1:00 am,"11:00 am - 11:00 pm
        
                Open now",9:00 am - 1:00 am,9:00 am - 11:00 pm,11:00 am - 11:00 pm,11:00 am - 11:00 pm,11:00 am - 11:00 pm,"Brewpubs,Distilleries",Chandler,Claimed,,Yes,Wheelchair Accessible,SanTan Brewing Co,Moderate,,4.0,1275 reviews,8 S San Marcos Pl
49,75,148,437,566,11:00 am - 1:00 am,"11:00 am - 11:00 pm
        
                Open now",9:00 am - 1:00 am,9:00 am - 11:00 pm,11:00 am - 11:00 pm,11:00 am - 11:00 pm,11:00 am - 11:00 pm,"Brewpubs,Distilleries",Chandler,Claimed,,Yes,Good for Kids,SanTan Brewing Co,Moderate,,4.0,1275 reviews,8 S San Marcos Pl
49,75,148,437,566,11:00 am - 1:00 am,"11:00 am - 11:00 pm
        
                Open now",9:00 am - 1:00 am,9:00 am - 11:00 pm,11:00 am - 11:00 pm,11:00 am - 11:00 pm,11:00 am - 11:00 pm,"Brewpubs,Distilleries",Chandler,Claimed,,Loud,Noise Level,SanTan Brewing Co,Moderate,,4.0,1275 reviews,8 S San Marcos Pl
49,75,148,437,566,11:00 am - 1:00 am,"11:00 am - 11:00 pm
        
                Open now",9:00 am - 1:00 am,9:00 am - 11:00 pm,11:00 am - 11:00 pm,11:00 am - 11:00 pm,11:00 am - 11:00 pm,"Brewpubs,Distilleries",Chandler,Claimed,,Yes,Good For Happy Hour,SanTan Brewing Co,Moderate,,4.0,1275 reviews,8 S San Marcos Pl
49,75,148,437,566,11:00 am - 1:00 am,"11:00 am - 11:00 pm
        
                Open now",9:00 am - 1:00 am,9:00 am - 11:00 pm,11:00 am - 11:00 pm,11:00 am - 11:00 pm,11:00 am - 11:00 pm,"Brewpubs,Distilleries",Chandler,Claimed,,Yes,Dogs Allowed,SanTan Brewing Co,Moderate,,4.0,1275 reviews,8 S San Marcos Pl
49,75,148,437,566,11:00 am - 1:00 am,"11:00 am - 11:00 pm
        
                Open now",9:00 am - 1:00 am,9:00 am - 11:00 pm,11:00 am - 11:00 pm,11:00 am - 11:00 pm,11:00 am - 11:00 pm,"Brewpubs,Distilleries",Chandler,Claimed,,Yes,Caters,SanTan Brewing Co,Moderate,,4.0,1275 reviews,8 S San Marcos Pl
,,,,,,,,,,,,,Surprise,,,NA,NA,State 48 Brewery,,NA,,NA,13823 W Bell Rd
0,1,13,52,162,11:00 am - 12:00 am,"12:00 pm - 10:00 pm
        
                Open now",11:00 am - 12:00 am,11:00 am - 10:00 pm,12:00 pm - 10:00 pm,12:00 pm - 10:00 pm,12:00 pm - 10:00 pm,Breweries,Phoenix,Claimed,,Yes,Take-out,Wren House Brewing Company,Inexpensive,,4.5,228 reviews,2125 N 24th St
0,1,13,52,162,11:00 am - 12:00 am,"12:00 pm - 10:00 pm
        
                Open now",11:00 am - 12:00 am,11:00 am - 10:00 pm,12:00 pm - 10:00 pm,12:00 pm - 10:00 pm,12:00 pm - 10:00 pm,Breweries,Phoenix,Claimed,,Yes,Accepts Credit Cards,Wren House Brewing Company,Inexpensive,,4.5,228 reviews,2125 N 24th St
0,1,13,52,162,11:00 am - 12:00 am,"12:00 pm - 10:00 pm
        
                Open now",11:00 am - 12:00 am,11:00 am - 10:00 pm,12:00 pm - 10:00 pm,12:00 pm - 10:00 pm,12:00 pm - 10:00 pm,Breweries,Phoenix,Claimed,,Yes,Accepts Apple Pay,Wren House Brewing Company,Inexpensive,,4.5,228 reviews,2125 N 24th St
0,1,13,52,162,11:00 am - 12:00 am,"12:00 pm - 10:00 pm
        
                Open now",11:00 am - 12:00 am,11:00 am - 10:00 pm,12:00 pm - 10:00 pm,12:00 pm - 10:00 pm,12:00 pm - 10:00 pm,Breweries,Phoenix,Claimed,,No,Accepts Google Pay,Wren House Brewing Company,Inexpensive,,4.5,228 reviews,2125 N 24th St
0,1,13,52,162,11:00 am - 12:00 am,"12:00 pm - 10:00 pm
        
                Open now",11:00 am - 12:00 am,11:00 am - 10:00 pm,12:00 pm - 10:00 pm,12:00 pm - 10:00 pm,12:00 pm - 10:00 pm,Breweries,Phoenix,Claimed,,"Street, Private Lot",Parking,Wren House Brewing Company,Inexpensive,,4.5,228 reviews,2125 N 24th St
0,1,13,52,162,11:00 am - 12:00 am,"12:00 pm - 10:00 pm
        
                Open now",11:00 am - 12:00 am,11:00 am - 10:00 pm,12:00 pm - 10:00 pm,12:00 pm - 10:00 pm,12:00 pm - 10:00 pm,Breweries,Phoenix,Claimed,,Yes,Bike Parking,Wren House Brewing Company,Inexpensive,,4.5,228 reviews,2125 N 24th St
0,1,13,52,162,11:00 am - 12:00 am,"12:00 pm - 10:00 pm
        
                Open now",11:00 am - 12:00 am,11:00 am - 10:00 pm,12:00 pm - 10:00 pm,12:00 pm - 10:00 pm,12:00 pm - 10:00 pm,Breweries,Phoenix,Claimed,,Yes,Wheelchair Accessible,Wren House Brewing Company,Inexpensive,,4.5,228 reviews,2125 N 24th St
0,1,13,52,162,11:00 am - 12:00 am,"12:00 pm - 10:00 pm
        
                Open now",11:00 am - 12:00 am,11:00 am - 10:00 pm,12:00 pm - 10:00 pm,12:00 pm - 10:00 pm,12:00 pm - 10:00 pm,Breweries,Phoenix,Claimed,,No,Good for Kids,Wren House Brewing Company,Inexpensive,,4.5,228 reviews,2125 N 24th St
0,1,13,52,162,11:00 am - 12:00 am,"12:00 pm - 10:00 pm
        
                Open now",11:00 am - 12:00 am,11:00 am - 10:00 pm,12:00 pm - 10:00 pm,12:00 pm - 10:00 pm,12:00 pm - 10:00 pm,Breweries,Phoenix,Claimed,,Average,Noise Level,Wren House Brewing Company,Inexpensive,,4.5,228 reviews,2125 N 24th St
0,1,13,52,162,11:00 am - 12:00 am,"12:00 pm - 10:00 pm
        
                Open now",11:00 am - 12:00 am,11:00 am - 10:00 pm,12:00 pm - 10:00 pm,12:00 pm - 10:00 pm,12:00 pm - 10:00 pm,Breweries,Phoenix,Claimed,,No,Good For Happy Hour,Wren House Brewing Company,Inexpensive,,4.5,228 reviews,2125 N 24th St
0,1,13,52,162,11:00 am - 12:00 am,"12:00 pm - 10:00 pm
        
                Open now",11:00 am - 12:00 am,11:00 am - 10:00 pm,12:00 pm - 10:00 pm,12:00 pm - 10:00 pm,12:00 pm - 10:00 pm,Breweries,Phoenix,Claimed,,Yes,Dogs Allowed,Wren House Brewing Company,Inexpensive,,4.5,228 reviews,2125 N 24th St
0,1,13,52,162,11:00 am - 12:00 am,"12:00 pm - 10:00 pm
        
                Open now",11:00 am - 12:00 am,11:00 am - 10:00 pm,12:00 pm - 10:00 pm,12:00 pm - 10:00 pm,12:00 pm - 10:00 pm,Breweries,Phoenix,Claimed,,Yes,Caters,Wren House Brewing Company,Inexpensive,,4.5,228 reviews,2125 N 24th St
0,1,13,52,162,11:00 am - 12:00 am,"12:00 pm - 10:00 pm
        
                Open now",11:00 am - 12:00 am,11:00 am - 10:00 pm,12:00 pm - 10:00 pm,12:00 pm - 10:00 pm,12:00 pm - 10:00 pm,Breweries,Phoenix,Claimed,,Yes,Gender Neutral Restrooms,Wren House Brewing Company,Inexpensive,,4.5,228 reviews,2125 N 24th St
,,,,,,,,,,,,,Paragould,,,NA,NA,Brick Oven Pizza Co / Brick & Forge Brewing,,NA,,NA,2410 Linwood Dr
1,3,3,18,33,11:00 am - 10:00 pm,Closed,11:00 am - 10:00 pm,11:00 am - 9:00 pm,11:00 am - 9:00 pm,11:00 am - 9:00 pm,11:00 am - 9:00 pm,Breweries,North Little Rock,Claimed,,Yes,Take-out,Diamond Bear Brewing Co,Moderate,,4.5,58 reviews,600 N Broadway St
1,3,3,18,33,11:00 am - 10:00 pm,Closed,11:00 am - 10:00 pm,11:00 am - 9:00 pm,11:00 am - 9:00 pm,11:00 am - 9:00 pm,11:00 am - 9:00 pm,Breweries,North Little Rock,Claimed,,Yes,Accepts Credit Cards,Diamond Bear Brewing Co,Moderate,,4.5,58 reviews,600 N Broadway St
1,3,3,18,33,11:00 am - 10:00 pm,Closed,11:00 am - 10:00 pm,11:00 am - 9:00 pm,11:00 am - 9:00 pm,11:00 am - 9:00 pm,11:00 am - 9:00 pm,Breweries,North Little Rock,Claimed,,No,Accepts Apple Pay,Diamond Bear Brewing Co,Moderate,,4.5,58 reviews,600 N Broadway St
1,3,3,18,33,11:00 am - 10:00 pm,Closed,11:00 am - 10:00 pm,11:00 am - 9:00 pm,11:00 am - 9:00 pm,11:00 am - 9:00 pm,11:00 am - 9:00 pm,Breweries,North Little Rock,Claimed,,Private Lot,Parking,Diamond Bear Brewing Co,Moderate,,4.5,58 reviews,600 N Broadway St
1,3,3,18,33,11:00 am - 10:00 pm,Closed,11:00 am - 10:00 pm,11:00 am - 9:00 pm,11:00 am - 9:00 pm,11:00 am - 9:00 pm,11:00 am - 9:00 pm,Breweries,North Little Rock,Claimed,,Yes,Bike Parking,Diamond Bear Brewing Co,Moderate,,4.5,58 reviews,600 N Broadway St
1,3,3,18,33,11:00 am - 10:00 pm,Closed,11:00 am - 10:00 pm,11:00 am - 9:00 pm,11:00 am - 9:00 pm,11:00 am - 9:00 pm,11:00 am - 9:00 pm,Breweries,North Little Rock,Claimed,,Yes,Wheelchair Accessible,Diamond Bear Brewing Co,Moderate,,4.5,58 reviews,600 N Broadway St
1,3,3,18,33,11:00 am - 10:00 pm,Closed,11:00 am - 10:00 pm,11:00 am - 9:00 pm,11:00 am - 9:00 pm,11:00 am - 9:00 pm,11:00 am - 9:00 pm,Breweries,North Little Rock,Claimed,,No,Good for Kids,Diamond Bear Brewing Co,Moderate,,4.5,58 reviews,600 N Broadway St
1,3,3,18,33,11:00 am - 10:00 pm,Closed,11:00 am - 10:00 pm,11:00 am - 9:00 pm,11:00 am - 9:00 pm,11:00 am - 9:00 pm,11:00 am - 9:00 pm,Breweries,North Little Rock,Claimed,,Average,Noise Level,Diamond Bear Brewing Co,Moderate,,4.5,58 reviews,600 N Broadway St
1,3,3,18,33,11:00 am - 10:00 pm,Closed,11:00 am - 10:00 pm,11:00 am - 9:00 pm,11:00 am - 9:00 pm,11:00 am - 9:00 pm,11:00 am - 9:00 pm,Breweries,North Little Rock,Claimed,,Yes,Dogs Allowed,Diamond Bear Brewing Co,Moderate,,4.5,58 reviews,600 N Broadway St
1,3,3,18,33,11:00 am - 10:00 pm,Closed,11:00 am - 10:00 pm,11:00 am - 9:00 pm,11:00 am - 9:00 pm,11:00 am - 9:00 pm,11:00 am - 9:00 pm,Breweries,North Little Rock,Claimed,,No,Caters,Diamond Bear Brewing Co,Moderate,,4.5,58 reviews,600 N Broadway St
1,3,3,18,33,11:00 am - 10:00 pm,Closed,11:00 am - 10:00 pm,11:00 am - 9:00 pm,11:00 am - 9:00 pm,11:00 am - 9:00 pm,11:00 am - 9:00 pm,Breweries,North Little Rock,Claimed,,Yes,Offers Military Discount,Diamond Bear Brewing Co,Moderate,,4.5,58 reviews,600 N Broadway St
1,3,3,18,33,11:00 am - 10:00 pm,Closed,11:00 am - 10:00 pm,11:00 am - 9:00 pm,11:00 am - 9:00 pm,11:00 am - 9:00 pm,11:00 am - 9:00 pm,Breweries,North Little Rock,Claimed,,Yes,Gender Neutral Restrooms,Diamond Bear Brewing Co,Moderate,,4.5,58 reviews,600 N Broadway St
4,8,17,74,119,11:00 am - 10:00 pm,"11:00 am - 9:00 pm
        
                Open now",11:00 am - 10:00 pm,10:00 am - 9:00 pm,11:00 am - 9:00 pm,11:00 am - 9:00 pm,11:00 am - 9:00 pm,Breweries,Little Rock,Claimed,,Yes,Take-out,Lost Forty Brewing,Moderate,,4.5,222 reviews,501 Byrd St
4,8,17,74,119,11:00 am - 10:00 pm,"11:00 am - 9:00 pm
        
                Open now",11:00 am - 10:00 pm,10:00 am - 9:00 pm,11:00 am - 9:00 pm,11:00 am - 9:00 pm,11:00 am - 9:00 pm,Breweries,Little Rock,Claimed,,Yes,Accepts Credit Cards,Lost Forty Brewing,Moderate,,4.5,222 reviews,501 Byrd St
4,8,17,74,119,11:00 am - 10:00 pm,"11:00 am - 9:00 pm
        
                Open now",11:00 am - 10:00 pm,10:00 am - 9:00 pm,11:00 am - 9:00 pm,11:00 am - 9:00 pm,11:00 am - 9:00 pm,Breweries,Little Rock,Claimed,,No,Accepts Apple Pay,Lost Forty Brewing,Moderate,,4.5,222 reviews,501 Byrd St
4,8,17,74,119,11:00 am - 10:00 pm,"11:00 am - 9:00 pm
        
                Open now",11:00 am - 10:00 pm,10:00 am - 9:00 pm,11:00 am - 9:00 pm,11:00 am - 9:00 pm,11:00 am - 9:00 pm,Breweries,Little Rock,Claimed,,No,Accepts Google Pay,Lost Forty Brewing,Moderate,,4.5,222 reviews,501 Byrd St
4,8,17,74,119,11:00 am - 10:00 pm,"11:00 am - 9:00 pm
        
                Open now",11:00 am - 10:00 pm,10:00 am - 9:00 pm,11:00 am - 9:00 pm,11:00 am - 9:00 pm,11:00 am - 9:00 pm,Breweries,Little Rock,Claimed,,No,Accepts Cryptocurrency,Lost Forty Brewing,Moderate,,4.5,222 reviews,501 Byrd St
4,8,17,74,119,11:00 am - 10:00 pm,"11:00 am - 9:00 pm
        
                Open now",11:00 am - 10:00 pm,10:00 am - 9:00 pm,11:00 am - 9:00 pm,11:00 am - 9:00 pm,11:00 am - 9:00 pm,Breweries,Little Rock,Claimed,,Private Lot,Parking,Lost Forty Brewing,Moderate,,4.5,222 reviews,501 Byrd St
4,8,17,74,119,11:00 am - 10:00 pm,"11:00 am - 9:00 pm
        
                Open now",11:00 am - 10:00 pm,10:00 am - 9:00 pm,11:00 am - 9:00 pm,11:00 am - 9:00 pm,11:00 am - 9:00 pm,Breweries,Little Rock,Claimed,,Yes,Bike Parking,Lost Forty Brewing,Moderate,,4.5,222 reviews,501 Byrd St
4,8,17,74,119,11:00 am - 10:00 pm,"11:00 am - 9:00 pm
        
                Open now",11:00 am - 10:00 pm,10:00 am - 9:00 pm,11:00 am - 9:00 pm,11:00 am - 9:00 pm,11:00 am - 9:00 pm,Breweries,Little Rock,Claimed,,Yes,Wheelchair Accessible,Lost Forty Brewing,Moderate,,4.5,222 reviews,501 Byrd St
4,8,17,74,119,11:00 am - 10:00 pm,"11:00 am - 9:00 pm
        
                Open now",11:00 am - 10:00 pm,10:00 am - 9:00 pm,11:00 am - 9:00 pm,11:00 am - 9:00 pm,11:00 am - 9:00 pm,Breweries,Little Rock,Claimed,,Yes,Good for Kids,Lost Forty Brewing,Moderate,,4.5,222 reviews,501 Byrd St
4,8,17,74,119,11:00 am - 10:00 pm,"11:00 am - 9:00 pm
        
                Open now",11:00 am - 10:00 pm,10:00 am - 9:00 pm,11:00 am - 9:00 pm,11:00 am - 9:00 pm,11:00 am - 9:00 pm,Breweries,Little Rock,Claimed,,Average,Noise Level,Lost Forty Brewing,Moderate,,4.5,222 reviews,501 Byrd St
4,8,17,74,119,11:00 am - 10:00 pm,"11:00 am - 9:00 pm
        
                Open now",11:00 am - 10:00 pm,10:00 am - 9:00 pm,11:00 am - 9:00 pm,11:00 am - 9:00 pm,11:00 am - 9:00 pm,Breweries,Little Rock,Claimed,,No,Dogs Allowed,Lost Forty Brewing,Moderate,,4.5,222 reviews,501 Byrd St
4,8,17,74,119,11:00 am - 10:00 pm,"11:00 am - 9:00 pm
        
                Open now",11:00 am - 10:00 pm,10:00 am - 9:00 pm,11:00 am - 9:00 pm,11:00 am - 9:00 pm,11:00 am - 9:00 pm,Breweries,Little Rock,Claimed,,Yes,Caters,Lost Forty Brewing,Moderate,,4.5,222 reviews,501 Byrd St
4,8,17,74,119,11:00 am - 10:00 pm,"11:00 am - 9:00 pm
        
                Open now",11:00 am - 10:00 pm,10:00 am - 9:00 pm,11:00 am - 9:00 pm,11:00 am - 9:00 pm,11:00 am - 9:00 pm,Breweries,Little Rock,Claimed,,Yes,Gender Neutral Restrooms,Lost Forty Brewing,Moderate,,4.5,222 reviews,501 Byrd St
